id;title;description;activated;user_id
1;Generic Gloves Knoll;turquoise maroon Programmable;false;1
2;Secured LoanXXXXXXXX;District redundant;true;2
3;Mandatory NebraskaXX;Cove Adaptive Credit;true;1
4;Baby Up-sized Administrator;violet Games Stream;false;2
5;ComputersXXXXXXXXXXX;optical deliver;false;1
6;depositXXXXXXXXXXXXX;Albania;false;2
7;Towels bifurcatedXXX;Plastic Front-line robust;false;1
8;SteelXXXXXXXXXXXXXXX;Terrace;false;2
9;Kwacha AvonXXXXXXXXX;interactive;false;1
10;Fresh orchestrate Rand;Nebraska;true;2
